UDI,Product ID,Type,Air temperature [K],Process temperature [K],Rotational speed [rpm],Torque [Nm],Tool wear [min],Target,Failure Type
1,M10000,L,298.29,308.66,2012,38.63,73,0,No Failure
2,H10001,L,299.29,307.33,1676,48.33,142,0,No Failure
3,L10002,L,298.62,308.52,1723,55.04,34,0,No Failure
4,L10003,L,298.27,309.1,1451,58.32,87,0,No Failure
5,M10004,M,297.54,305.72,1805,56.74,13,0,No Failure
6,H10005,H,298.88,310.39,1503,27.47,95,0,No Failure
7,H10006,M,297.63,307.71,1777,57.28,29,0,No Failure
8,M10007,H,300.35,308.47,1370,22.64,140,0,No Failure
9,M10008,L,300.78,309.68,1359,29.01,160,0,No Failure
10,M10009,L,297.3,309.12,1617,48.03,247,1,Tool Wear Failure
11,L10010,L,299.75,310.08,1627,25.16,49,0,No Failure
12,M10011,H,298.17,306.6,1468,47.15,52,0,No Failure
13,L10012,M,298.41,307.56,1332,33.86,237,1,Tool Wear Failure
14,H10013,M,300.55,310.38,1239,39.33,216,1,Tool Wear Failure
15,L10014,L,295.43,303.51,1225,34.18,154,0,No Failure
16,M10015,L,295.52,305.17,1472,23.16,210,1,Tool Wear Failure
17,L10016,M,295.12,305.08,1662,42.53,52,0,No Failure
18,H10017,H,300,308.97,1926,63.36,219,1,Tool Wear Failure
19,M10018,H,299.67,310.02,1675,47.53,217,1,Tool Wear Failure
20,M10019,H,300.22,311.23,2104,33.5,62,1,Power Failure
21,H10020,H,300.87,309.82,1235,63.03,127,1,Overstrain Failure
22,M10021,M,299.79,310.28,1381,37.52,232,1,Tool Wear Failure
23,L10022,L,297.77,308.33,1539,51.39,170,0,No Failure
24,L10023,H,299.68,311.48,1777,48.54,165,0,No Failure
25,H10024,L,295.71,306.82,2053,62.88,140,0,No Failure
26,M10025,L,298.84,310.23,1550,61.16,67,1,Power Failure
27,L10026,L,295.86,305.82,1468,26.66,245,1,Tool Wear Failure
28,M10027,H,300.67,309.41,1262,23.86,112,0,No Failure
29,H10028,M,298.13,310.11,2021,56.43,78,0,No Failure
30,M10029,M,297.49,306.01,1580,60.72,182,1,Power Failure
31,M10030,H,296.59,306.47,1772,42.18,152,0,No Failure
32,H10031,L,299.65,307.92,2184,51.08,86,1,Power Failure
33,L10032,L,297.74,309.51,1202,23.14,76,0,No Failure
34,L10033,M,298.41,310.27,1345,29.89,54,0,No Failure
35,M10034,H,295.11,305.99,1979,26.72,20,0,No Failure
36,L10035,L,298.71,308.11,2005,47.05,156,1,Power Failure
37,L10036,L,298.67,307.69,1969,28.89,126,0,No Failure
38,H10037,M,298.7,307.76,1737,22.69,59,0,No Failure
39,H10038,H,300.66,309.17,2179,33.6,14,0,No Failure
40,H10039,L,299.09,309.19,1596,50.47,5,0,No Failure
41,M10040,H,297.16,305.72,1802,46,185,0,No Failure
42,H10041,M,297.62,306.89,1263,34.88,47,0,No Failure
43,L10042,M,299.19,309.69,1610,57.51,67,0,No Failure
44,H10043,H,295.36,306.27,1923,32.43,4,0,No Failure
45,L10044,H,299,307.1,1439,31.72,38,0,No Failure
46,H10045,M,299.02,308.74,2144,45.2,219,1,Tool Wear Failure
47,M10046,M,296.26,306.87,1887,41.52,61,0,No Failure
48,L10047,M,295.77,307.19,1488,40.07,238,1,Tool Wear Failure
49,M10048,M,296.89,306.79,1969,27.01,41,0,No Failure
50,L10049,M,297.18,309.06,1283,42.71,63,0,No Failure
51,H10050,L,298.42,307.48,2175,31.66,217,1,Tool Wear Failure
52,M10051,L,297.63,305.69,1249,37.65,107,0,No Failure
53,L10052,L,300.93,310.87,2133,53.01,67,1,Power Failure
54,M10053,H,295.61,304.64,1453,62.16,173,1,Power Failure
55,L10054,M,296.25,307.55,1958,54.82,13,0,No Failure
56,L10055,H,295.97,304.9,1200,38.25,223,1,Tool Wear Failure
57,M10056,L,298.92,308.16,1454,46.69,210,1,Tool Wear Failure
58,L10057,H,296.52,307.68,1949,53.59,21,0,No Failure
59,M10058,H,297.8,308.66,1732,38.64,200,0,No Failure
60,M10059,M,296.47,306.7,1315,36.21,240,1,Tool Wear Failure
61,M10060,M,295.95,306.77,1594,26.09,123,0,No Failure
62,M10061,L,295.66,305.34,1576,53.13,142,0,No Failure
63,H10062,M,298.94,306.96,1768,57.73,170,0,No Failure
64,M10063,H,295.83,303.87,1868,34.25,67,0,No Failure
65,M10064,L,296.18,306.22,2041,55.26,162,0,No Failure
66,L10065,H,297.21,305.55,1697,47.46,119,0,No Failure
67,M10066,M,299.93,308.13,1592,55.28,101,0,No Failure
68,L10067,M,295.58,307.44,1344,38.51,226,1,Tool Wear Failure
69,M10068,H,300.03,311.46,2005,53.64,199,0,No Failure
70,H10069,M,295.58,304.18,1913,38.38,234,1,Tool Wear Failure
71,L10070,L,300.86,308.86,1609,23.99,209,1,Tool Wear Failure
72,L10071,M,297.81,309.58,1718,44.78,10,0,No Failure
73,H10072,L,300.86,309.97,1865,40.44,152,0,No Failure
74,M10073,H,298.63,307.37,1365,31.38,174,0,No Failure
75,H10074,L,299.44,310.2,1227,60.15,166,1,Overstrain Failure
76,H10075,L,295.24,303.67,1518,37.23,68,0,No Failure
77,H10076,L,296.7,305.76,1796,21.76,106,0,No Failure
78,L10077,L,295.72,307.62,1687,37.2,10,0,No Failure
79,H10078,M,296.78,307.33,1893,39.1,24,0,No Failure
80,L10079,M,295.71,305.8,2020,58.77,140,0,No Failure
81,M10080,L,296.91,306.5,1688,55.96,146,0,No Failure
82,M10081,L,297.49,308.58,1334,29,50,0,No Failure
83,M10082,H,295.38,303.95,2051,57.76,112,0,No Failure
84,L10083,M,299.15,311.02,1775,31.16,118,0,No Failure
85,H10084,M,298.4,309.84,1940,35.39,3,0,No Failure
86,L10085,M,296.59,307.06,1905,23.46,36,0,No Failure
87,M10086,H,298.14,306.31,2168,22.49,156,1,Power Failure
88,H10087,M,295.56,306.37,1495,50.64,248,1,Tool Wear Failure
89,L10088,H,298.46,310.11,1905,61.55,163,1,Power Failure
90,H10089,L,300.58,310.67,1566,42.19,30,0,No Failure
91,H10090,L,296.91,306.33,1595,57.98,205,1,Tool Wear Failure
92,H10091,H,299,307.49,1431,55.72,108,0,No Failure
93,L10092,L,295.79,306.81,1544,49.91,21,0,No Failure
94,H10093,M,299.3,310.84,2148,64.02,150,1,Power Failure
95,M10094,L,296.74,305.14,1493,56.1,57,0,No Failure
96,L10095,L,296.1,307.14,1446,32.37,104,0,No Failure
97,L10096,M,298.52,306.59,1783,55.51,80,0,No Failure
98,M10097,L,295.12,306.99,1458,51.17,161,0,No Failure
99,M10098,H,299.97,310.43,1673,37.98,108,0,No Failure
100,L10099,M,295.03,305.24,2034,23.46,26,0,No Failure
101,H10100,L,299.07,308.25,1430,29.65,54,0,No Failure
102,M10101,M,296.62,308.34,1627,55.88,125,0,No Failure
103,M10102,M,299.41,308.47,1810,31.18,197,0,No Failure
104,M10103,H,300.77,312.09,1746,64.9,2,0,No Failure
105,H10104,H,296.49,308.43,2175,51.23,153,0,No Failure
106,H10105,L,298.46,309.59,1880,41.48,29,0,No Failure
107,L10106,M,298.55,308.63,1940,45.67,151,0,No Failure
108,H10107,L,298.43,306.7,2167,47.49,209,1,Tool Wear Failure
109,L10108,M,296.34,306.23,1614,63.6,57,0,No Failure
110,L10109,H,300.72,310.47,1555,27.28,124,1,Overstrain Failure
111,M10110,L,297.68,306.49,1244,32.26,194,0,No Failure
112,L10111,L,300.08,309.77,1384,51.93,44,0,No Failure
113,L10112,M,299.2,308.63,1437,30.79,38,0,No Failure
114,M10113,H,296.78,305.44,1384,59.21,226,1,Overstrain Failure
115,L10114,H,299.88,309.65,1955,35.59,174,0,No Failure
116,L10115,H,297.38,306.43,1736,28.14,184,0,No Failure
117,H10116,H,300.29,310.37,1868,22.14,211,1,Tool Wear Failure
118,L10117,H,298.49,306.63,2020,46.8,135,0,No Failure
119,H10118,M,300.29,311.92,1431,57.14,122,0,No Failure
120,L10119,M,299.16,310.42,1526,32.32,139,0,No Failure
121,M10120,H,299.35,309.56,1908,61.29,179,0,No Failure
122,L10121,L,298.01,309.42,1593,54.1,98,0,No Failure
123,M10122,H,300.74,312.59,1229,22.76,24,0,No Failure
124,H10123,M,298.86,307.31,1635,45.77,34,1,Power Failure
125,H10124,L,297.54,308.07,2108,45.53,243,1,Tool Wear Failure
126,H10125,M,298.64,310.63,1609,29.11,13,0,No Failure
127,M10126,H,295.12,307.07,1532,35.05,178,0,No Failure
128,M10127,M,296.81,307.22,2190,40.62,236,1,Tool Wear Failure
129,M10128,H,298.96,307.47,1844,22.16,32,0,No Failure
130,L10129,H,296.74,307.07,1566,26.74,181,0,No Failure
131,L10130,M,298.71,306.72,1302,27.38,76,0,No Failure
132,H10131,M,297.57,306.37,1988,37.07,59,0,No Failure
133,H10132,H,295.81,307.64,1908,53.63,213,1,Tool Wear Failure
134,L10133,H,296.79,306.11,2122,57.41,227,1,Tool Wear Failure
135,L10134,H,298.42,308.97,1417,27.33,87,0,No Failure
136,L10135,M,298.55,307.67,1315,53.84,158,0,No Failure
137,H10136,H,298.45,310.24,1924,50.18,44,0,No Failure
138,L10137,L,298.92,309.83,1403,60.08,197,1,Power Failure
139,L10138,L,298.91,308.23,1376,63.6,220,1,Overstrain Failure
140,H10139,M,297.59,308.76,1520,25.6,80,0,No Failure
141,L10140,H,300.38,308.81,2017,23.63,163,0,No Failure
142,L10141,M,297.21,306.77,1740,55.99,219,1,Tool Wear Failure
143,M10142,L,297.62,306.5,1246,27.3,4,1,Overstrain Failure
144,L10143,L,300.35,311.09,1664,28.76,214,1,Tool Wear Failure
145,L10144,L,299.84,308.25,1884,59.69,143,0,No Failure
146,H10145,M,299.22,308.81,1738,62.25,104,1,Power Failure
147,L10146,M,295.6,304.71,1772,34.33,131,0,No Failure
148,H10147,M,300.52,310.54,1425,57.9,206,1,Tool Wear Failure
149,M10148,M,299.29,308.69,2048,58.65,181,0,No Failure
150,M10149,H,300.99,311.82,1761,47.24,125,0,No Failure
151,L10150,H,295.9,303.99,1913,45.47,122,0,No Failure
152,H10151,L,300.21,310.74,2182,45.91,225,1,Tool Wear Failure
153,M10152,L,295.97,304.9,1628,33.56,58,0,No Failure
154,H10153,H,298.69,307.77,2081,47.85,24,0,No Failure
155,M10154,L,295.74,306.94,1207,30.96,170,0,No Failure
156,H10155,H,300.09,311.91,1233,27.99,176,0,No Failure
157,H10156,M,299.84,309.11,1790,38.58,142,0,No Failure
158,H10157,H,298.41,309.72,1511,51.76,66,0,No Failure
159,M10158,M,297.44,305.86,1448,47.96,74,0,No Failure
160,H10159,L,295.42,305.95,1478,63.42,154,0,No Failure
161,M10160,H,299.18,310.19,1518,49.09,68,0,No Failure
162,M10161,M,297.72,306.35,1929,26.36,125,0,No Failure
163,H10162,L,299.33,309.04,1769,27.25,83,0,No Failure
164,M10163,M,300.2,311.77,1989,24.19,128,0,No Failure
165,H10164,L,300.85,309.27,2030,28.6,57,0,No Failure
166,M10165,H,300.13,308.21,2043,46.91,50,0,No Failure
167,M10166,M,295.07,305.43,1615,57.72,183,0,No Failure
168,H10167,L,297.16,306.9,1621,60.22,96,0,No Failure
169,H10168,L,299.38,310.57,2126,38,58,1,Power Failure
170,H10169,L,296.03,307.72,1862,45.14,215,1,Tool Wear Failure
171,L10170,H,298.13,307.32,1280,56.41,100,1,Overstrain Failure
172,M10171,H,295.33,304.88,1742,34.04,29,0,No Failure
173,H10172,L,296.2,306.15,1556,46.81,177,0,No Failure
174,L10173,H,295.11,305.46,2187,27.83,70,0,No Failure
175,H10174,M,299.76,311.7,1214,41.44,141,0,No Failure
176,H10175,L,296.34,307.13,1812,27.79,156,0,No Failure
177,L10176,L,297.07,306.63,1924,40.81,241,1,Tool Wear Failure
178,L10177,H,300.57,309.62,1489,37.86,48,0,No Failure
179,L10178,M,299.23,311,2174,39.5,71,0,No Failure
180,M10179,H,295.19,303.73,2060,30.97,233,1,Tool Wear Failure
181,M10180,L,295.99,306.87,2116,26.12,180,0,No Failure
182,H10181,M,298.73,310.43,1219,32.4,112,0,No Failure
183,L10182,M,298.46,309.12,1770,30.78,184,0,No Failure
184,H10183,M,296.43,306.12,1495,53.04,103,0,No Failure
185,H10184,H,300.61,309.4,2049,52.26,103,0,No Failure
186,H10185,H,298.68,308.15,1833,46.3,39,0,No Failure
187,L10186,L,298.21,309.04,1739,24.11,131,0,No Failure
188,L10187,M,298.54,309.14,1315,45.48,66,0,No Failure
189,L10188,H,299.38,311.09,1740,23.57,158,0,No Failure
190,M10189,L,296.87,308.34,1832,20.82,100,0,No Failure
191,M10190,L,297.39,308.65,2156,35.87,213,1,Tool Wear Failure
192,L10191,L,296.26,307.9,1785,30.82,193,0,No Failure
193,L10192,L,296.12,305.22,2167,46.76,37,0,No Failure
194,L10193,M,300.67,310.14,2162,61.79,148,0,No Failure
195,M10194,L,299.44,308.96,1850,52.39,178,0,No Failure
196,M10195,H,297.94,308.18,1706,54.53,129,0,No Failure
197,H10196,M,296.36,307.04,1666,62.79,28,1,Power Failure
198,L10197,M,296.53,305.67,2090,48.53,126,0,No Failure
199,L10198,M,295.35,303.43,1228,46,108,0,No Failure
200,M10199,M,297.61,307.2,1314,47.08,81,0,No Failure
201,M10200,L,296.87,306.1,1302,58.96,146,1,Overstrain Failure
202,H10201,L,299.18,310.95,1957,37.46,81,0,No Failure
203,L10202,M,297.27,308.82,1540,55.79,59,0,No Failure
204,M10203,L,296.08,307.52,1838,49.35,184,0,No Failure
205,L10204,M,295.15,305.76,1804,33.71,53,0,No Failure
206,M10205,M,295.4,304.78,1586,20.62,201,1,Tool Wear Failure
207,H10206,L,299.08,309.27,1732,29.45,245,1,Tool Wear Failure
208,L10207,L,297.72,308.98,1845,51.5,110,0,No Failure
209,H10208,H,298.22,306.61,2141,46.09,203,1,Tool Wear Failure
210,M10209,L,300.38,311.58,1776,32.36,42,0,No Failure
211,L10210,H,300.94,309.11,1814,39.54,199,0,No Failure
212,M10211,H,296.3,307.57,1268,49.75,241,1,Tool Wear Failure
213,M10212,M,298.98,310.21,2152,25.72,129,1,Power Failure
214,M10213,L,296.58,304.78,1728,39.45,64,0,No Failure
215,H10214,H,295.12,305.63,2001,38.75,40,0,No Failure
216,L10215,L,299.55,309.56,1250,44.42,229,1,Tool Wear Failure
217,M10216,H,296.92,305.6,1621,43.49,81,0,No Failure
218,M10217,H,297.3,305.89,1457,36.55,124,0,No Failure
219,H10218,H,298.53,309.62,1467,54.32,108,0,No Failure
220,L10219,L,299.99,310.26,1991,23.03,109,0,No Failure
221,M10220,M,298.77,310.71,1824,21.6,191,0,No Failure
222,M10221,H,300.24,312.16,1640,38.91,234,1,Tool Wear Failure
223,L10222,H,296.64,308.61,1211,60.35,159,1,Overstrain Failure
224,L10223,L,299.79,308.26,2165,32.49,239,1,Tool Wear Failure
225,H10224,L,296.11,307.87,2162,27.75,48,0,No Failure
226,M10225,M,300.72,309.7,1418,61.77,141,0,No Failure
227,H10226,M,299.12,308.96,1241,27.57,171,0,No Failure
228,H10227,H,296.29,307.32,1730,36.87,179,0,No Failure
229,L10228,H,300.68,309.5,2151,52.81,189,1,Power Failure
230,H10229,H,299.39,309.65,2110,31.74,83,0,No Failure
231,M10230,L,296.52,305.27,1785,30.34,221,1,Tool Wear Failure
232,M10231,L,296.28,304.7,1504,37.9,33,0,No Failure
233,M10232,H,298.11,306.58,1530,55.43,70,0,No Failure
234,L10233,L,295.15,304.58,2098,60.99,117,1,Power Failure
235,L10234,H,296.24,304.26,1692,21.41,148,0,No Failure
236,M10235,H,297.55,307.25,1331,27.43,74,0,No Failure
237,M10236,H,297.25,307.9,1448,63.14,227,1,Tool Wear Failure
238,L10237,M,297.78,307.39,1477,46.68,113,0,No Failure
239,M10238,M,296.67,305.01,1324,44.81,25,0,No Failure
240,M10239,H,298.52,306.77,1663,56.61,205,1,Tool Wear Failure
241,H10240,M,300.18,309.3,2116,21.79,241,1,Tool Wear Failure
242,L10241,M,295.71,304.38,1869,20.62,87,0,No Failure
243,L10242,L,298.1,309.96,1272,63.54,139,1,Overstrain Failure
244,M10243,H,295.79,304.4,1205,57.29,146,1,Overstrain Failure
245,H10244,M,299.3,310.52,1476,53.63,200,1,Tool Wear Failure
246,L10245,L,297.38,307.72,1563,27.01,38,0,No Failure
247,L10246,H,298.39,308.67,1977,41.45,210,1,Tool Wear Failure
248,L10247,L,296.1,306.15,2167,62.18,180,1,Power Failure
249,H10248,H,295.87,307.76,1588,62.01,9,1,Power Failure
250,H10249,H,297.93,307.38,1887,20.42,142,0,No Failure
251,H10250,M,297.13,308.29,2195,53.86,7,1,Power Failure
252,L10251,H,300.64,310.86,1946,20.28,124,0,No Failure
253,L10252,M,299.59,309.17,1836,64.29,150,1,Power Failure
254,H10253,M,299.49,311.31,1278,38.76,159,0,No Failure
255,H10254,L,300.42,310.82,1523,63.81,232,1,Tool Wear Failure
256,H10255,L,295.5,303.98,2113,36.55,74,0,No Failure
257,M10256,H,298.31,307.98,1401,33.19,211,1,Tool Wear Failure
258,H10257,L,298.51,309.63,2044,34.23,113,0,No Failure
259,L10258,H,300.77,311.55,1896,52.88,167,1,Power Failure
260,H10259,L,296.75,308.42,1566,28.99,202,1,Tool Wear Failure
261,H10260,H,296.44,305.48,1729,58.88,181,0,No Failure
262,M10261,L,295.6,306.63,1743,46.58,199,1,Overstrain Failure
263,L10262,H,295.1,304.94,1914,63.65,159,0,No Failure
264,H10263,L,300.58,310.87,1717,64.42,200,1,Tool Wear Failure
265,M10264,H,299.02,310.84,1333,28.33,227,1,Tool Wear Failure
266,H10265,H,299.71,311.63,1973,63.01,226,1,Tool Wear Failure
267,M10266,L,296.69,308.14,1606,22.09,82,0,No Failure
268,M10267,H,298.52,307.95,2163,21.25,243,1,Tool Wear Failure
269,M10268,L,295.38,306.93,1484,62.47,14,1,Power Failure
270,M10269,L,297.91,308.47,1463,63.31,154,1,Power Failure
271,L10270,L,300.86,310.58,1534,26.63,124,0,No Failure
272,M10271,M,300.26,308.4,1772,39.91,58,0,No Failure
273,L10272,L,297.03,308.11,2095,42.23,134,0,No Failure
274,L10273,M,300.77,310.78,1376,58.71,16,1,Overstrain Failure
275,H10274,H,296.39,307.53,1480,48.26,138,0,No Failure
276,L10275,H,300.7,311.69,1782,54.86,214,1,Tool Wear Failure
277,H10276,M,300.65,311.82,1654,41.83,35,0,No Failure
278,L10277,M,299.8,309,1647,49.18,81,0,No Failure
279,L10278,H,298.78,309.99,2021,53.09,158,0,No Failure
280,L10279,M,300.25,310.44,2124,53.2,90,1,Power Failure
281,L10280,L,296.76,306.65,1681,20.08,104,0,No Failure
282,H10281,L,300.09,310.79,1887,24.5,85,0,No Failure
283,L10282,L,298.71,306.79,2001,36.36,121,0,No Failure
284,H10283,M,295.08,303.49,1718,22.75,93,0,No Failure
285,L10284,M,297.08,306.25,1494,37.23,36,1,Tool Wear Failure
286,M10285,L,295.89,307.82,1838,37.53,50,0,No Failure
287,H10286,L,300.89,309.45,1785,61.41,20,1,Power Failure
288,M10287,H,297.87,307.19,2102,45.52,117,1,Power Failure
289,H10288,M,297.98,306.19,1252,51.79,211,1,Tool Wear Failure
290,L10289,M,298.84,308.16,2110,59.92,23,1,Power Failure
291,H10290,L,297.21,306.49,1734,39.9,165,0,No Failure
292,L10291,M,295.82,307.61,1216,20.09,105,0,No Failure
293,H10292,L,299.93,311.31,1545,32.84,218,1,Tool Wear Failure
294,L10293,L,296.14,305.67,1924,56.64,91,0,No Failure
295,H10294,L,298.07,306.17,1688,60.58,174,1,Power Failure
296,M10295,M,296.35,307.67,2180,35.82,100,1,Power Failure
297,H10296,M,295.59,306.23,1623,33.23,135,0,No Failure
298,H10297,M,300.17,308.78,1527,61.6,194,1,Power Failure
299,H10298,M,300.84,312.82,2022,35.8,242,1,Tool Wear Failure
300,L10299,M,300.77,309.17,1748,49.35,34,0,No Failure
301,M10300,L,300.44,311.91,1882,32.61,132,0,No Failure
302,L10301,L,299.64,308.82,2006,24.41,33,0,No Failure
303,M10302,M,297,306.74,1871,42.56,8,0,No Failure
304,H10303,M,295.49,306.67,1622,61.55,187,0,No Failure
305,L10304,H,297.44,308.15,1325,47.84,246,1,Tool Wear Failure
306,L10305,H,296.39,308.14,1780,29.4,149,0,No Failure
307,H10306,H,295.79,306.28,2097,50.71,18,0,No Failure
308,L10307,H,295.32,303.71,1619,54.58,15,0,No Failure
309,M10308,M,299.35,310.89,2111,34.43,79,1,Power Failure
310,L10309,M,295.07,306.15,1704,45.16,95,0,No Failure
311,H10310,H,299.62,310.47,1821,50.69,1,0,No Failure
312,H10311,L,295.88,304.1,2033,27.22,211,1,Tool Wear Failure
313,L10312,M,295.48,305.06,1765,63.38,117,0,No Failure
314,M10313,L,295.54,304.21,1291,40.31,249,1,Tool Wear Failure
315,H10314,H,299.03,310.32,2181,64.08,221,1,Tool Wear Failure
316,M10315,M,296.47,307.27,1446,28.53,125,0,No Failure
317,L10316,M,297.52,309.06,1911,41.77,157,0,No Failure
318,H10317,M,298.34,310.21,1705,27.46,79,0,No Failure
319,L10318,M,300.16,311.26,1679,20.46,76,0,No Failure
320,M10319,L,299.36,311.34,1444,30.7,33,0,No Failure
321,M10320,L,296.62,307.08,1922,38.14,136,0,No Failure
322,M10321,H,295.79,303.94,1313,39.4,20,0,No Failure
323,H10322,M,295.33,303.39,2190,59.89,112,0,No Failure
324,H10323,L,296.81,306.18,2045,48.61,80,0,No Failure
325,H10324,H,296.57,307.87,1735,39.55,198,0,No Failure
326,M10325,L,297.74,309.2,1625,64.46,95,0,No Failure
327,H10326,L,299.1,310.94,1486,47.64,225,1,Tool Wear Failure
328,M10327,M,299.17,307.43,1702,34.52,47,0,No Failure
329,H10328,H,296.7,304.88,2079,51.11,233,1,Tool Wear Failure
330,L10329,M,297.28,308.93,1475,42.31,148,0,No Failure
331,L10330,L,296.09,305.31,1701,59.65,30,0,No Failure
332,M10331,L,299.73,309.96,1435,60.34,126,1,Power Failure
333,M10332,H,295.34,307.27,1537,36.53,67,0,No Failure
334,L10333,L,299.18,308.78,1390,45.31,187,0,No Failure
335,M10334,M,299.67,310.34,2191,31.96,163,1,Power Failure
336,M10335,L,299.66,309.27,1771,48.2,16,0,No Failure
337,H10336,M,296.56,307.63,1933,64.66,104,1,Power Failure
338,H10337,M,297.24,307.35,1298,57.47,222,1,Overstrain Failure
339,H10338,H,298.53,307.48,1566,36.49,102,0,No Failure
340,M10339,H,296.64,305.72,2093,24.29,186,0,No Failure
341,H10340,H,297.23,306.26,1284,63.5,28,1,Overstrain Failure
342,H10341,M,296.18,306.31,1365,37.53,217,1,Tool Wear Failure
343,H10342,M,297.76,308.57,1825,33.2,126,0,No Failure
344,M10343,L,295.27,307.06,1823,34.24,237,1,Tool Wear Failure
345,H10344,L,299.8,310.58,2038,42.05,134,0,No Failure
346,H10345,M,295.46,306.59,2135,63.05,192,0,No Failure
347,M10346,M,298.11,306.79,1342,64.4,243,1,Overstrain Failure
348,M10347,M,296.84,306.34,1459,33.33,182,0,No Failure
349,H10348,M,298.47,308.12,1627,35.82,144,0,No Failure
350,M10349,L,300.76,311.5,1201,43.03,92,0,No Failure
351,H10350,M,298.87,308.06,1270,20.37,11,0,No Failure
352,L10351,L,295.21,304.43,1426,27.87,108,0,No Failure
353,L10352,L,297.58,307.01,1681,62.12,103,1,Power Failure
354,M10353,H,298.06,309.3,1452,21.32,206,1,Tool Wear Failure
355,L10354,L,298.22,308.53,2077,24.54,47,0,No Failure
356,H10355,L,299.09,307.39,1524,38.93,186,0,No Failure
357,M10356,L,296.67,304.98,2125,52.92,9,0,No Failure
358,M10357,M,295.77,305.26,2175,32.1,222,1,Tool Wear Failure
359,M10358,L,297.36,308.42,1650,33.77,167,0,No Failure
360,H10359,L,300.74,311.49,1427,33.75,106,0,No Failure
361,M10360,H,296.12,306.95,1492,59.27,66,0,No Failure
362,H10361,M,300.42,311.49,1976,30.17,46,0,No Failure
363,L10362,M,298.26,307.41,1473,45.31,146,0,No Failure
364,M10363,H,297.74,307.93,1581,65,103,1,Power Failure
365,L10364,H,300.29,310.47,1679,52.78,186,0,No Failure
366,H10365,L,297.75,308.71,1775,35.14,227,1,Tool Wear Failure
367,L10366,H,299.35,311.17,2196,54.45,74,1,Power Failure
368,M10367,H,297.39,306.51,1432,62.93,162,0,No Failure
369,L10368,L,300.42,311.6,1553,36.81,106,0,No Failure
370,M10369,H,299.14,309.78,1463,51.86,11,0,No Failure
371,L10370,M,299.2,309.52,1561,23.41,154,0,No Failure
372,L10371,H,296.97,308.07,1301,60.29,91,1,Overstrain Failure
373,L10372,L,299.54,311.32,1560,24.33,3,0,No Failure
374,L10373,H,298.82,306.96,2088,36.78,118,0,No Failure
375,M10374,M,296.44,305.03,1499,44.41,23,0,No Failure
376,L10375,M,295.96,306.99,1572,31.86,157,0,No Failure
377,L10376,H,299.78,308.11,2144,49.22,132,1,Power Failure
378,L10377,L,300.75,310.82,1928,44.95,125,0,No Failure
379,M10378,L,297.75,306.63,1717,52.27,234,1,Tool Wear Failure
380,L10379,M,298.55,307.64,1977,35.94,220,1,Tool Wear Failure
381,L10380,M,300.15,310.95,1323,44.57,178,0,No Failure
382,M10381,H,297.74,305.86,1664,56.55,144,0,No Failure
383,L10382,H,300.71,312.2,1318,56.48,63,1,Overstrain Failure
384,H10383,L,298.45,308.23,1434,52.14,2,0,No Failure
385,L10384,M,299.92,309.93,1342,44.39,30,0,No Failure
386,H10385,L,300.45,310.61,1562,50.3,80,0,No Failure
387,L10386,L,299.89,310.48,1582,23.91,49,0,No Failure
388,L10387,H,295.96,305.34,2147,41.21,143,1,Power Failure
389,M10388,M,298.77,307.18,1464,58.71,134,0,No Failure
390,H10389,H,297.39,306.66,1672,47.33,97,0,No Failure
391,L10390,H,295.38,304.05,2011,62.38,200,1,Tool Wear Failure
392,L10391,L,297.54,307.77,2016,31.8,183,0,No Failure
393,L10392,L,296.55,305.82,1950,24.33,172,0,No Failure
394,L10393,M,300.09,311.93,1488,48.2,126,0,No Failure
395,L10394,L,295.2,307.06,1695,24.09,11,0,No Failure
396,H10395,L,300.75,311.23,1386,55.2,107,1,Overstrain Failure
397,M10396,H,297.13,307.6,1388,31.55,125,0,No Failure
398,M10397,H,297.14,309.08,1636,44.24,112,1,Overstrain Failure
399,H10398,M,295.1,306.65,1939,56.51,1,0,No Failure
400,M10399,L,296.11,307.17,1727,55.46,163,0,No Failure
401,M10400,L,297.41,306.66,2087,42.32,64,0,No Failure
402,H10401,L,300.58,310.04,2031,63.91,11,1,Power Failure
403,M10402,H,295.6,304.4,1232,42.39,126,0,No Failure
404,L10403,H,300.67,310.62,1768,32.55,230,1,Tool Wear Failure
405,M10404,H,300.22,312.18,1809,33.61,7,0,No Failure
406,M10405,H,297.72,309.37,2162,53.46,3,1,Power Failure
407,L10406,L,296.96,305.43,1223,39.67,147,0,No Failure
408,H10407,M,296.4,304.5,1731,38.85,136,0,No Failure
409,L10408,M,298.69,310.28,1405,20.92,4,0,No Failure
410,H10409,L,295.2,305.35,1254,33.74,26,0,No Failure
411,L10410,L,295.09,303.89,1787,58.72,209,1,Tool Wear Failure
412,H10411,L,297.57,308.27,1973,56.16,113,0,No Failure
413,L10412,H,295.41,305.99,1975,53.59,31,0,No Failure
414,L10413,H,296.51,305,1230,21.04,39,0,No Failure
415,L10414,M,296.33,305.37,1607,21.21,153,0,No Failure
416,H10415,L,296.52,304.76,1245,34.02,82,0,No Failure
417,H10416,H,295.79,304.63,1448,41.35,6,0,No Failure
418,H10417,M,295.07,303.6,1393,60.94,159,1,Overstrain Failure
419,M10418,M,295.69,304.47,1415,37.31,8,0,No Failure
420,M10419,H,298.71,309.45,1539,32.98,28,0,No Failure
421,L10420,M,300.85,309.04,1477,45.7,40,0,No Failure
422,L10421,L,300.94,309.35,2162,61.16,36,1,Power Failure
423,L10422,H,297.45,305.99,1552,53.24,190,0,No Failure
424,L10423,M,295.98,305.24,2094,58.55,23,0,No Failure
425,L10424,H,298.83,308.03,1381,28.2,37,1,Overstrain Failure
426,M10425,M,297.94,306.96,1964,25.65,112,0,No Failure
427,L10426,L,300.94,311.94,1261,44.48,35,0,No Failure
428,M10427,L,295.39,307.38,1663,51.38,187,0,No Failure
429,M10428,M,299.7,309.84,1206,62.97,122,1,Overstrain Failure
430,L10429,M,296.73,308.51,2010,36.72,220,1,Tool Wear Failure
431,H10430,L,296.45,306.03,2150,35.6,10,1,Power Failure
432,M10431,M,298.98,307.4,1235,43.21,214,1,Tool Wear Failure
433,M10432,H,296.48,306.11,2134,50.82,38,1,Power Failure
434,H10433,H,299,308.18,1974,45.47,231,1,Tool Wear Failure
435,M10434,H,298.1,308.08,1559,52.54,82,0,No Failure
436,H10435,M,297.54,308.17,2109,37.11,128,0,No Failure
437,L10436,L,298.33,308.17,1496,58.8,6,0,No Failure
438,L10437,H,296.72,308.46,1609,28.23,182,0,No Failure
439,L10438,M,299.24,310.78,1297,34.22,53,0,No Failure
440,M10439,L,297.49,308.3,1857,54.82,229,1,Tool Wear Failure
441,H10440,H,297.16,307.12,1230,35.11,165,0,No Failure
442,H10441,M,299.97,308.5,1685,50.07,71,0,No Failure
443,M10442,H,300.55,310.14,1883,32.95,65,0,No Failure
444,H10443,H,295.28,306.09,2021,28.42,43,0,No Failure
445,M10444,L,296.4,305.54,1350,33.53,200,1,Tool Wear Failure
446,M10445,M,297.09,305.51,1954,59.91,110,0,No Failure
447,M10446,H,299.89,311.52,1919,40.74,69,1,Power Failure
448,L10447,L,300.91,311.75,1760,30.14,238,1,Tool Wear Failure
449,H10448,L,300.81,311.27,1785,34.46,201,1,Tool Wear Failure
450,H10449,H,300.43,311.6,1291,20.12,147,0,No Failure
451,M10450,H,296.78,308.12,1800,54.01,201,1,Tool Wear Failure
452,L10451,M,300.95,310.89,1582,30.16,30,0,No Failure
453,M10452,H,296.5,308.02,2068,46.91,168,0,No Failure
454,M10453,L,295.64,307.3,1513,21.13,81,0,No Failure
455,M10454,L,300.71,309.79,1777,57.55,172,0,No Failure
456,H10455,M,296.4,306.83,1627,28.44,240,1,Tool Wear Failure
457,H10456,H,299.14,309.24,2076,20.21,195,0,No Failure
458,L10457,H,295.35,305.5,1454,33.55,141,0,No Failure
459,M10458,H,299.38,311.13,1279,61.42,186,1,Overstrain Failure
460,M10459,L,300.29,309.51,1949,31.82,117,0,No Failure
461,H10460,H,296.63,308.57,1613,42.66,70,0,No Failure
462,M10461,L,297.27,308.88,1789,38.33,10,0,No Failure
463,L10462,H,297.25,307.08,1226,33.24,169,0,No Failure
464,L10463,H,299.49,310.76,2152,61.73,36,1,Power Failure
465,L10464,L,296.43,307.5,2078,55.5,115,0,No Failure
466,M10465,L,296.03,306.74,1824,54.29,167,0,No Failure
467,H10466,H,297.7,306.98,1217,43.67,223,1,Tool Wear Failure
468,H10467,H,296.83,305.61,1578,57.12,152,0,No Failure
469,M10468,M,300.04,310.72,2179,40.63,54,1,Power Failure
470,M10469,M,296.43,307.8,1881,40.93,119,0,No Failure
471,H10470,H,298.01,306.08,1361,42.22,167,0,No Failure
472,L10471,M,300.66,311.23,1661,30.66,49,0,No Failure
473,L10472,H,298.8,308.58,2167,61.56,183,1,Power Failure
474,L10473,L,300.2,311.8,1735,31.64,191,0,No Failure
475,L10474,H,300.64,309.93,1225,28.92,131,0,No Failure
476,M10475,M,299.5,309.4,1820,30.97,215,1,Tool Wear Failure
477,L10476,M,299.2,309.26,1471,56.78,56,0,No Failure
478,H10477,H,300.81,309.37,1299,54.58,134,0,No Failure
479,H10478,M,300.97,311.82,1603,39.22,224,1,Tool Wear Failure
480,H10479,H,297.71,309.03,1759,20.62,176,0,No Failure
481,H10480,M,295.43,303.66,1217,63.91,202,1,Overstrain Failure
482,L10481,L,296.76,305.92,1759,25.96,56,0,No Failure
483,H10482,L,295.91,304.07,1711,58.31,143,0,No Failure
484,L10483,L,297.5,309.33,1994,55.18,81,1,Tool Wear Failure
485,L10484,L,295.79,306.46,1624,62.21,165,1,Power Failure
486,M10485,L,298.62,310.48,1753,54.8,131,0,No Failure
487,H10486,H,297.3,307.42,1942,34.91,156,0,No Failure
488,L10487,H,300.37,311.58,2097,30.44,154,0,No Failure
489,L10488,H,300.81,310.3,1580,37,184,0,No Failure
490,H10489,M,298.28,307.7,1802,29.14,200,0,No Failure
491,H10490,H,296.65,306.16,1895,52.38,15,0,No Failure
492,H10491,H,298.55,309.18,1243,57.19,237,1,Overstrain Failure
493,H10492,M,300.38,309.82,2001,49.09,102,0,No Failure
494,M10493,L,297.44,309.04,1577,28.37,43,0,No Failure
495,L10494,L,298.31,310.25,1870,21.68,230,1,Tool Wear Failure
496,L10495,M,296.63,304.75,1672,46.12,196,1,Tool Wear Failure
497,H10496,H,297.73,306.51,1902,40.82,105,0,No Failure
498,L10497,M,297.41,305.86,1924,28.99,150,0,No Failure
499,L10498,M,296.49,304.66,1392,36.56,57,0,No Failure
500,M10499,M,298.04,306.95,1862,44.37,103,0,No Failure
501,M10500,L,296.86,306.65,2051,48.48,100,0,No Failure
502,L10501,M,297.24,308.59,1436,41.45,189,0,No Failure
503,M10502,H,298.15,307.04,1958,63.71,108,1,Power Failure
504,H10503,L,299.5,309.48,1834,22.08,189,0,No Failure
505,M10504,L,297,308.72,2155,49.62,198,0,No Failure
506,M10505,H,300.54,311.21,1460,60.93,96,1,Power Failure
507,H10506,L,300.17,311.37,1354,30.65,110,0,No Failure
508,H10507,H,295.29,305.5,1512,29.62,130,0,No Failure
509,M10508,H,296.52,308.44,1458,54.3,1,1,Tool Wear Failure
510,M10509,M,297.68,308.03,1957,41.89,49,0,No Failure
511,M10510,L,295.63,303.81,1933,64.65,212,1,Tool Wear Failure
512,M10511,M,297.09,305.88,1870,46.51,190,0,No Failure
513,H10512,L,299.44,309.06,1416,61.55,19,0,No Failure
514,L10513,M,299.08,309.49,2062,20.55,159,1,Tool Wear Failure
515,L10514,H,298.73,309.82,2157,26.95,5,1,Power Failure
516,H10515,L,299.26,308.92,1732,50.8,134,0,No Failure
517,M10516,L,296.23,307.07,1849,38.74,40,0,No Failure
518,M10517,M,297.05,308.21,1701,57.62,213,1,Tool Wear Failure
519,L10518,L,299.06,308.33,1484,39.3,154,0,No Failure
520,L10519,L,300.28,312.19,1486,52.08,16,0,No Failure
521,M10520,M,298.26,308.86,1513,45.48,160,0,No Failure
522,H10521,M,296.7,308.22,1391,25.4,223,1,Tool Wear Failure
523,H10522,L,295.18,305.41,2102,52.31,183,0,No Failure
524,H10523,L,299.26,310.23,2058,51.79,29,0,No Failure
525,M10524,L,295.05,306.13,1662,25.21,166,0,No Failure
526,M10525,M,297.24,308.87,1567,45.29,153,0,No Failure
527,M10526,H,298.18,306.78,2139,35.1,158,1,Power Failure
528,M10527,M,300.53,310.77,1422,40.65,199,0,No Failure
529,L10528,H,295.54,305.25,1754,39.02,76,0,No Failure
530,H10529,M,297.44,309.13,1254,24.71,89,0,No Failure
531,L10530,H,295.15,303.57,1391,27.11,50,0,No Failure
532,M10531,M,297.06,308.99,1804,23.91,114,0,No Failure
533,L10532,H,298.73,310.24,1862,28.66,102,0,No Failure
534,L10533,L,296.67,304.97,1781,58.36,21,0,No Failure
535,L10534,L,296.26,306.22,2070,21.1,61,0,No Failure
536,H10535,L,295.69,306.56,2193,39.42,30,1,Power Failure
537,M10536,M,298.46,309.42,1964,56.04,139,0,No Failure
538,M10537,L,299.17,310.8,1665,24.51,47,1,Overstrain Failure
539,H10538,M,299.03,310.23,2034,30.25,81,0,No Failure
540,H10539,M,300.69,309.94,1320,52.73,204,1,Tool Wear Failure
541,H10540,H,295.02,305.01,1883,49.14,143,0,No Failure
542,H10541,L,298.88,309.69,1718,45.34,130,0,No Failure
543,M10542,L,298.6,307.16,1378,27.72,236,1,Tool Wear Failure
544,H10543,L,298.53,307.31,2173,55.75,109,0,No Failure
545,M10544,L,300.78,310.7,1538,26.36,221,1,Tool Wear Failure
546,H10545,M,295.1,304.29,1815,26.07,144,0,No Failure
547,M10546,H,299.18,310.63,2079,55.78,101,1,Power Failure
548,L10547,M,299.88,310.23,1707,36.62,87,0,No Failure
549,L10548,L,298.06,307.45,1315,34.07,226,1,Tool Wear Failure
550,H10549,M,297,308.4,2019,32.54,141,0,No Failure
551,H10550,L,299.75,310.96,1553,34.62,63,0,No Failure
552,M10551,M,295.58,307.58,2183,35.33,130,1,Power Failure
553,M10552,L,297.65,309.04,2084,51.34,62,0,No Failure
554,L10553,H,298.12,307.78,2053,30.81,60,0,No Failure
555,M10554,H,299.16,307.67,1556,34.64,32,0,No Failure
556,H10555,H,295.55,306.91,1957,54.93,172,0,No Failure
557,M10556,M,296.37,304.61,2186,61.09,195,1,Power Failure
558,L10557,H,297.46,306.86,1726,47.58,81,0,No Failure
559,L10558,M,298.74,310.42,1671,24.73,102,0,No Failure
560,L10559,M,300.32,312.16,1215,44.37,198,0,No Failure
561,M10560,H,298.71,309.28,1900,48.25,4,0,No Failure
562,L10561,H,295.8,306.56,2058,34.13,83,0,No Failure
563,H10562,M,300.88,309.05,1447,57.26,77,0,No Failure
564,H10563,M,300.23,310.29,1515,55.19,136,0,No Failure
565,L10564,L,298.02,308.2,1701,45.89,224,1,Tool Wear Failure
566,M10565,H,300.53,309.89,1272,26.53,10,0,No Failure
567,H10566,L,298.25,306.52,1290,51.38,211,1,Tool Wear Failure
568,L10567,M,300.54,309.46,1621,60.29,139,1,Power Failure
569,M10568,H,299.98,309.41,1461,31.25,147,0,No Failure
570,L10569,H,300.81,310.55,1606,63.14,239,1,Tool Wear Failure
571,L10570,H,300.52,310.88,1654,54.71,32,0,No Failure
572,M10571,H,295.22,306.11,2176,33.51,69,1,Overstrain Failure
573,M10572,L,296.05,305.32,2144,47.76,58,1,Power Failure
574,M10573,H,297.33,306.65,1340,33.85,117,0,No Failure
575,M10574,H,300.71,308.79,2083,24.48,145,0,No Failure
576,H10575,L,296.8,304.96,1280,57.09,182,1,Overstrain Failure
577,L10576,M,295.96,304.99,1708,49.96,13,0,No Failure
578,M10577,M,300.32,311.28,1364,47.63,107,0,No Failure
579,M10578,H,297.68,308.19,1566,26.4,231,1,Tool Wear Failure
580,L10579,M,300.45,311.53,1943,36.98,116,0,No Failure
581,L10580,L,295.96,307.04,1625,59.45,204,1,Tool Wear Failure
582,M10581,H,298.97,310.39,2007,27.35,28,0,No Failure
583,H10582,H,297.64,308.52,1919,22.16,72,0,No Failure
584,M10583,M,295.46,307.37,2143,28.6,184,1,Power Failure
585,H10584,L,299.18,310.77,1734,31.26,155,1,Overstrain Failure
586,H10585,L,296.48,306.83,2002,55.26,111,0,No Failure
587,M10586,L,295.24,305.59,1523,49.17,167,0,No Failure
588,M10587,L,295.36,303.5,1546,20.78,193,0,No Failure
589,H10588,H,295.37,307.36,1601,20.78,224,1,Tool Wear Failure
590,M10589,H,300.45,308.97,1611,45.51,110,0,No Failure
591,L10590,H,299.44,310.4,1303,48.5,161,0,No Failure
592,M10591,L,300.39,311.67,1719,25.64,95,0,No Failure
593,M10592,L,299.04,308.53,1297,47.47,232,1,Tool Wear Failure
594,M10593,L,298.17,306.96,2090,30.82,120,0,No Failure
595,M10594,L,296.83,305.22,1262,35.15,103,0,No Failure
596,L10595,M,300.99,311.98,1650,38.4,235,1,Tool Wear Failure
597,H10596,M,297.17,306.98,1485,25.23,0,0,No Failure
598,L10597,H,297.82,308.68,1355,63.34,83,1,Overstrain Failure
599,L10598,M,297.27,308.93,1984,63.82,210,1,Tool Wear Failure
600,M10599,H,300.88,309.46,1915,40.03,113,0,No Failure
601,M10600,M,296.05,307.72,1346,31.59,87,0,No Failure
602,M10601,L,296.97,306.61,1833,63.14,147,1,Power Failure
603,L10602,H,299.08,308.3,1993,56.81,101,0,No Failure
604,M10603,M,295.38,307.15,1973,52.59,82,0,No Failure
605,M10604,L,298.64,310.61,1292,40.78,66,0,No Failure
606,L10605,L,297.87,306.66,1886,38.48,78,1,Tool Wear Failure
607,H10606,M,296.7,307.33,1916,55.07,231,1,Tool Wear Failure
608,L10607,H,296.43,304.86,2062,43.38,240,1,Tool Wear Failure
609,M10608,M,298.09,308.69,1708,49.73,25,0,No Failure
610,H10609,H,297.21,308.52,1661,45.48,184,0,No Failure
611,M10610,H,297.74,308.48,2165,52.05,164,1,Power Failure
612,L10611,L,297.02,306.69,1997,24.23,158,0,No Failure
613,H10612,L,300.82,310.36,1759,36.99,8,0,No Failure
614,M10613,H,295.8,305.37,1531,27.52,68,0,No Failure
615,L10614,H,295.58,305.94,2045,30.89,187,0,No Failure
616,M10615,H,297.06,308.59,1655,29.04,124,0,No Failure
617,M10616,H,298.55,310.26,1293,42.65,6,0,No Failure
618,L10617,H,298.96,307.17,1655,20.85,132,0,No Failure
619,H10618,M,297.38,306.11,2072,63.38,212,1,Tool Wear Failure
620,H10619,M,301,309.44,1648,43.35,220,1,Tool Wear Failure
621,H10620,M,297.11,305.88,1214,22.37,225,1,Tool Wear Failure
622,L10621,H,299.33,308.71,1811,50.69,132,0,No Failure
623,L10622,M,298.83,308.85,2196,32.1,117,0,No Failure
624,L10623,H,299.88,310.4,2017,24.8,61,0,No Failure
625,M10624,L,300.86,311.79,1817,57.36,217,1,Tool Wear Failure
626,L10625,H,300.34,311.9,2114,28.91,200,1,Power Failure
627,H10626,L,299.59,311.54,2014,24.71,216,1,Tool Wear Failure
628,M10627,L,299.19,309.84,1699,22.56,56,0,No Failure
629,M10628,L,297.01,308.39,1791,52.79,24,0,No Failure
630,H10629,M,295.89,307,1931,49.49,175,0,No Failure
631,H10630,H,295.38,304.61,2046,20.37,228,1,Tool Wear Failure
632,H10631,H,296.45,307.95,1258,29.97,229,1,Tool Wear Failure
633,M10632,M,297.59,305.76,1975,51.71,132,0,No Failure
634,H10633,H,298.13,306.13,1648,26.85,161,0,No Failure
635,H10634,L,299.64,308.73,1861,45.95,28,0,No Failure
636,L10635,H,300.75,310.6,1965,29.59,69,0,No Failure
637,M10636,M,295.7,306.26,1740,40.22,134,0,No Failure
638,M10637,M,295.64,304.05,1359,59.03,220,1,Overstrain Failure
639,H10638,H,298.54,309.23,1610,33.62,121,0,No Failure
640,H10639,H,299.47,310.68,1277,50.87,148,0,No Failure
641,L10640,M,300.09,308.83,1889,39.72,14,0,No Failure
642,M10641,M,300.61,310.28,2154,24.33,241,1,Tool Wear Failure
643,M10642,L,300.9,310.98,1995,36.23,123,0,No Failure
644,L10643,M,297.4,307.21,1590,57.86,40,0,No Failure
645,H10644,L,297.28,308.48,1784,63.79,85,0,No Failure
646,M10645,H,295.89,307.73,1504,58.03,128,0,No Failure
647,L10646,H,299.11,310.31,1741,27.3,35,0,No Failure
648,H10647,H,298.94,307.25,1501,35.55,49,0,No Failure
649,M10648,M,300.17,311.39,1938,57.4,229,1,Tool Wear Failure
650,L10649,L,295.58,303.85,1459,44.93,218,1,Tool Wear Failure
651,L10650,H,297.99,306.93,2164,54.93,31,1,Power Failure
652,H10651,H,298.49,307.1,1862,55,70,0,No Failure
653,M10652,M,296.45,305.24,1269,23.2,159,0,No Failure
654,L10653,L,296.01,306.13,1211,35.41,65,0,No Failure
655,H10654,L,300.16,310.84,2197,41.56,1,0,No Failure
656,L10655,L,295.35,305.23,1421,62.54,175,0,No Failure
657,H10656,L,297.82,309.66,1513,60.42,48,0,No Failure
658,L10657,M,295.7,304.66,1408,39.04,81,0,No Failure
659,M10658,H,297.74,308.79,2128,24.3,71,0,No Failure
660,M10659,M,300.88,312.36,1852,38.2,38,1,Power Failure
661,H10660,L,297.54,307.79,1704,44.12,34,0,No Failure
662,L10661,H,300.14,309.97,1758,60.7,36,0,No Failure
663,H10662,H,295.7,306.09,1518,33.27,242,1,Tool Wear Failure
664,H10663,L,296.63,306.34,1814,33.9,182,0,No Failure
665,H10664,M,297.42,307.64,1620,48.22,235,1,Tool Wear Failure
666,L10665,H,297.4,307.07,1399,42.73,143,0,No Failure
667,H10666,H,299.03,308.63,1857,28.81,83,0,No Failure
668,L10667,L,297.07,307.85,1574,26.51,41,0,No Failure
669,H10668,M,299.28,307.65,1985,42.03,121,0,No Failure
670,H10669,L,298.84,307.5,1615,55.07,123,0,No Failure
671,M10670,L,297.39,308.8,1708,55.05,194,1,Power Failure
672,M10671,L,297.59,308.67,1987,63.91,132,1,Power Failure
673,H10672,L,298.69,307.81,1648,37.22,49,0,No Failure
674,M10673,H,295.42,304.93,2166,37.64,204,1,Tool Wear Failure
675,H10674,L,299.93,311.64,1993,20.08,37,0,No Failure
676,M10675,L,298.92,310.19,2026,57.35,132,0,No Failure
677,H10676,M,299.36,309.82,2154,49.1,11,1,Power Failure
678,M10677,M,298.22,307.11,1589,54.65,92,0,No Failure
679,L10678,H,295.66,303.84,1780,41.18,168,0,No Failure
680,H10679,H,297.43,307.16,1894,61.41,35,0,No Failure
681,H10680,L,297.43,308.12,1873,21.31,131,0,No Failure
682,L10681,M,296.93,308.24,2153,25.19,135,1,Power Failure
683,L10682,M,295.18,306.59,1488,36.92,227,1,Tool Wear Failure
684,L10683,M,299.42,307.55,1491,23.83,117,0,No Failure
685,L10684,L,295.66,304.64,2118,23.95,20,1,Power Failure
686,L10685,M,298.64,307.99,1999,45.51,36,0,No Failure
687,M10686,H,299.22,307.97,1403,29.73,69,0,No Failure
688,M10687,H,298.81,310.02,1770,48.19,200,0,No Failure
689,M10688,L,300.75,311.82,1946,61.82,64,1,Power Failure
690,M10689,L,295.62,305.69,1553,57.07,152,0,No Failure
691,M10690,L,300.2,312.13,1634,31.18,20,0,No Failure
692,L10691,L,295.18,303.75,1775,24.03,51,1,Tool Wear Failure
693,H10692,M,298.21,309.81,1667,62.76,155,1,Power Failure
694,M10693,H,297.43,305.89,1953,64.75,25,1,Power Failure
695,H10694,M,298.15,306.8,1206,36.85,179,0,No Failure
696,L10695,M,297.19,307.98,1635,40.73,112,0,No Failure
697,H10696,H,296.14,304.58,1538,26.54,70,0,No Failure
698,L10697,M,295.11,305.38,1809,51.96,218,1,Tool Wear Failure
699,H10698,L,298.11,307.79,1976,38.98,168,0,No Failure
700,H10699,M,300.06,310.97,1276,56.14,16,1,Overstrain Failure
701,L10700,L,297.24,308.84,1358,45.98,168,0,No Failure
702,L10701,M,296.34,307.42,1865,21.93,50,0,No Failure
703,M10702,L,295.48,306.88,1938,35.07,230,1,Tool Wear Failure
704,L10703,L,295.51,303.64,1788,56.39,38,0,No Failure
705,M10704,M,296.33,305.57,2183,50.97,154,1,Power Failure
706,M10705,H,295.6,305.66,1699,48.46,61,0,No Failure
707,L10706,H,296.59,306.25,1336,50.26,236,1,Tool Wear Failure
708,H10707,M,295.4,304.32,1886,47.23,81,0,No Failure
709,M10708,M,295.39,304.63,1802,48.85,147,0,No Failure
710,M10709,L,300.14,311.92,1790,47.92,32,0,No Failure
711,M10710,M,295.97,305.15,1746,44,120,1,Power Failure
712,L10711,H,298.36,307.77,2139,54.1,152,0,No Failure
713,L10712,M,299.64,307.66,1329,36.63,193,0,No Failure
714,H10713,M,297.74,309.12,1273,41.39,139,0,No Failure
715,M10714,H,295.92,304.54,1354,38.07,176,0,No Failure
716,H10715,H,296.2,305.01,1445,29.41,215,1,Tool Wear Failure
717,L10716,H,297.6,306.62,1793,34.49,75,0,No Failure
718,M10717,H,298.17,309.71,1812,22.48,85,0,No Failure
719,L10718,M,297.1,305.92,1433,34.65,7,0,No Failure
720,M10719,M,299.69,310.88,1689,37.58,139,0,No Failure
721,L10720,L,299.51,310.74,1682,24.2,243,1,Tool Wear Failure
722,L10721,H,300.56,312.27,1653,29.92,184,0,No Failure
723,H10722,M,295.17,303.64,2004,31.23,248,1,Tool Wear Failure
724,H10723,M,300.37,309.24,1672,30.24,114,0,No Failure
725,L10724,H,297.36,308.33,1958,35.76,187,0,No Failure
726,M10725,H,300.27,309.05,1366,26.52,40,0,No Failure
727,H10726,M,299.14,308.29,1732,52.92,106,0,No Failure
728,M10727,M,300.92,309.59,2024,35.42,161,0,No Failure
729,L10728,M,299.56,308.25,1378,25.51,113,0,No Failure
730,H10729,M,297.19,307.11,1665,46.71,7,0,No Failure
731,L10730,M,298.01,306.45,1809,28.08,79,0,No Failure
732,M10731,H,297.26,306.55,1385,22.61,169,0,No Failure
733,H10732,H,297.19,306.9,1957,27.35,99,0,No Failure
734,H10733,L,296.57,304.66,1279,38.9,112,0,No Failure
735,M10734,H,297.98,307.53,2146,51.21,214,1,Tool Wear Failure
736,L10735,L,299.09,307.47,1668,48.87,67,0,No Failure
737,M10736,M,296.66,306.64,1536,20.23,154,0,No Failure
738,L10737,M,298.15,309.45,1317,55.7,211,1,Overstrain Failure
739,L10738,H,295.7,306.98,1633,35.11,202,1,Tool Wear Failure
740,M10739,H,295.96,304.28,1860,50.59,60,0,No Failure
741,L10740,M,295.28,305.69,1294,21.47,13,0,No Failure
742,H10741,M,300.82,312.16,1506,37.72,69,0,No Failure
743,H10742,M,295.02,303.98,2036,20.88,44,0,No Failure
744,H10743,M,296.07,307.12,1846,56.74,7,0,No Failure
745,H10744,H,298.68,310.24,1406,28.41,76,0,No Failure
746,H10745,M,295.49,306.71,1361,50.35,130,0,No Failure
747,H10746,H,300.29,308.72,2104,32.47,163,1,Power Failure
748,H10747,L,299.32,307.35,1487,26.09,94,0,No Failure
749,H10748,M,300.8,309.57,1380,61.86,51,1,Overstrain Failure
750,L10749,M,298.05,307.13,2200,46.78,142,0,No Failure
751,H10750,L,296.8,307.27,1509,60.08,188,0,No Failure
752,H10751,H,298.3,307.83,1325,33.8,174,0,No Failure
753,L10752,L,300.58,311.4,1662,57.34,214,1,Tool Wear Failure
754,L10753,L,298.12,307.54,1634,62.38,66,0,No Failure
755,L10754,M,296.6,305.22,2127,37.78,126,1,Power Failure
756,L10755,H,300.26,309.52,1334,60.69,122,1,Overstrain Failure
757,L10756,M,297.23,308.77,1291,35.08,80,0,No Failure
758,L10757,M,295.01,306.84,1293,34.61,172,0,No Failure
759,M10758,H,296.49,305.32,2104,64.81,34,1,Power Failure
760,M10759,M,296.91,308.06,1649,62.86,201,1,Tool Wear Failure
761,L10760,M,300.15,309.25,1351,30.29,9,0,No Failure
762,L10761,M,297.75,309.3,1794,57.67,97,0,No Failure
763,H10762,L,297.67,306.33,1738,35.41,152,0,No Failure
764,H10763,H,297.02,307.68,1398,64.07,106,1,Overstrain Failure
765,L10764,H,300.28,308.62,1803,58.24,164,0,No Failure
766,H10765,H,300.67,312.57,1540,60.72,10,1,Power Failure
767,H10766,M,300.95,311.75,1438,45.82,217,1,Tool Wear Failure
768,L10767,M,297.26,308.63,1710,33.24,19,0,No Failure
769,H10768,H,300.8,311.06,1492,28.89,72,0,No Failure
770,M10769,L,299.75,309.66,1422,43.75,73,0,No Failure
771,M10770,H,299.05,309.54,2080,50.22,3,0,No Failure
772,H10771,H,296.47,306.58,1356,53.38,24,0,No Failure
773,M10772,M,296.3,306.18,1481,27.67,213,1,Tool Wear Failure
774,L10773,M,296,307.03,1586,44.11,194,0,No Failure
775,L10774,M,300.54,309.25,1474,39.62,184,0,No Failure
776,L10775,L,296.76,305.45,1411,29.37,172,0,No Failure
777,L10776,M,297.72,307.45,1971,44.88,19,0,No Failure
778,M10777,L,297.96,307.25,1529,32.42,75,0,No Failure
779,L10778,H,299.67,307.97,1313,44.08,2,0,No Failure
780,H10779,M,300.07,311.44,1741,29,15,0,No Failure
781,L10780,H,295.83,306.92,1325,60.5,9,1,Overstrain Failure
782,M10781,M,297.56,307.74,1558,35.21,50,0,No Failure
783,H10782,H,300.06,311.97,2082,47.47,14,0,No Failure
784,H10783,L,299.91,308.2,1569,25.49,4,0,No Failure
785,H10784,H,295.61,306.68,1833,48.35,61,0,No Failure
786,M10785,M,295.94,305,1715,32.24,200,0,No Failure
787,H10786,H,296.83,306.3,1338,63.04,14,1,Overstrain Failure
788,L10787,L,295.45,304.33,1849,37.74,246,1,Tool Wear Failure
789,L10788,M,297.55,308.7,2056,47.33,164,0,No Failure
790,M10789,H,295.65,304.22,1293,29.71,217,1,Tool Wear Failure
791,M10790,M,298.41,309.77,1954,58.77,165,0,No Failure
792,L10791,L,296.48,307.13,1890,56.19,194,0,No Failure
793,L10792,M,298.58,306.81,2067,31.05,75,1,Overstrain Failure
794,H10793,H,295.71,306.95,1304,61,64,1,Overstrain Failure
795,L10794,M,300.86,311.37,1506,21.81,166,0,No Failure
796,L10795,L,300.6,312.22,1894,53.87,141,1,Tool Wear Failure
797,L10796,L,297.35,308.35,1222,40.6,126,0,No Failure
798,H10797,H,296.45,306.7,1934,57.6,44,0,No Failure
799,H10798,M,296.5,307.85,2058,40.95,58,0,No Failure
800,M10799,M,297.9,307.01,1653,22.95,137,1,Overstrain Failure
801,H10800,L,295.24,305.43,1634,30.19,102,0,No Failure
802,L10801,L,298.84,308.01,1478,64.75,241,1,Tool Wear Failure
803,M10802,H,297.45,309.32,1205,35.04,138,0,No Failure
804,L10803,L,297.26,306.17,1386,27.21,108,0,No Failure
805,L10804,L,299.86,307.92,2180,56.26,238,1,Tool Wear Failure
806,L10805,M,299.25,308.56,2067,22.03,23,0,No Failure
807,L10806,M,300.73,310.74,1467,22.99,68,0,No Failure
808,M10807,H,297.11,305.23,2164,33.39,87,1,Power Failure
809,M10808,M,300.39,310.62,1568,22.13,213,1,Tool Wear Failure
810,H10809,H,299.62,311.12,1498,64.81,192,0,No Failure
811,H10810,H,297.14,307.96,1353,51.1,76,0,No Failure
812,L10811,M,298.73,309.22,2102,43.38,218,1,Tool Wear Failure
813,M10812,L,296.73,308.56,2187,56.23,16,1,Power Failure
814,M10813,H,300.25,312.08,1527,49.81,123,0,No Failure
815,L10814,M,295.67,306.97,1903,27.8,164,0,No Failure
816,L10815,L,296.27,306.71,1535,29.88,78,0,No Failure
817,H10816,H,296.1,306.05,1305,59.05,17,1,Overstrain Failure
818,L10817,H,297.42,305.47,1593,35.16,64,0,No Failure
819,M10818,H,299.47,309.9,1752,40.14,121,0,No Failure
820,H10819,M,298.16,310.12,1323,37.6,80,0,No Failure
821,H10820,L,297.93,309.2,2018,22.34,104,0,No Failure
822,M10821,H,295,304.37,1697,51.71,23,0,No Failure
823,H10822,L,297.55,306.16,1434,44.3,4,0,No Failure
824,H10823,M,295.38,306.52,1793,50.43,219,1,Tool Wear Failure
825,M10824,L,296.25,307.23,1993,32.52,20,0,No Failure
826,H10825,L,300.59,312.46,1528,38.31,73,0,No Failure
827,H10826,M,296.29,307.79,1901,28.67,166,0,No Failure
828,M10827,M,300.15,310.37,1628,38.89,211,1,Tool Wear Failure
829,L10828,M,299.82,308.22,2164,49.41,80,1,Power Failure
830,M10829,H,295.95,305.89,1971,62.51,163,0,No Failure
831,H10830,H,298.63,307.89,1556,49.86,118,0,No Failure
832,H10831,M,295.69,305.74,1218,43.63,13,0,No Failure
833,M10832,M,299.37,308.57,1858,38.74,102,0,No Failure
834,M10833,M,298.82,310.27,1398,24.75,7,0,No Failure
835,M10834,L,299.87,311.25,1322,41.47,241,1,Tool Wear Failure
836,M10835,L,297.88,307.14,2132,26.98,191,0,No Failure
837,M10836,M,300.49,310.89,2200,46.2,85,1,Power Failure
838,H10837,M,295.3,305.02,1470,52.86,59,0,No Failure
839,M10838,H,296.76,308.39,1502,62.59,100,1,Power Failure
840,L10839,L,299.29,308.04,1365,33.36,79,0,No Failure
841,M10840,H,297.51,308.3,1658,37.86,93,0,No Failure
842,L10841,M,296.04,307.92,2066,28.23,230,1,Tool Wear Failure
843,H10842,L,295.64,304.34,1902,59.51,101,0,No Failure
844,M10843,L,299.9,308.71,2046,57.08,185,0,No Failure
845,M10844,L,297.84,308.61,1428,54.87,39,0,No Failure
846,L10845,L,300.29,311.41,1930,22.58,133,0,No Failure
847,M10846,M,299.4,309.36,2119,45.05,123,1,Power Failure
848,L10847,H,297.46,307.9,1481,30.58,148,0,No Failure
849,L10848,L,297.24,306.09,1891,25.39,170,0,No Failure
850,M10849,L,298.09,308,1601,55.17,215,1,Tool Wear Failure
851,M10850,H,300.33,308.78,1490,29.52,57,0,No Failure
852,L10851,L,299.42,308.71,2170,42.54,95,1,Power Failure
853,M10852,L,295.03,304.17,1549,43.67,14,0,No Failure
854,L10853,M,299.16,308.94,1308,29.6,156,0,No Failure
855,H10854,H,300.52,312.24,1589,42.15,234,1,Tool Wear Failure
856,L10855,H,299.26,307.99,1648,22.38,99,0,No Failure
857,H10856,H,296.06,305.67,1952,20,243,1,Tool Wear Failure
858,L10857,L,297.9,308.36,2150,59.61,149,1,Power Failure
859,H10858,H,295.84,307.63,2017,38.7,53,0,No Failure
860,L10859,M,297.15,305.69,2131,60.83,132,0,No Failure
861,H10860,M,300.62,312.29,1675,42.33,160,0,No Failure
862,L10861,M,300.54,308.86,1919,39.4,167,0,No Failure
863,H10862,L,296.7,306.62,1509,33.32,160,1,Power Failure
864,M10863,H,297.04,306.86,1270,23.68,47,0,No Failure
865,H10864,L,298.6,307.44,1565,33.94,52,0,No Failure
866,H10865,L,300.78,310.17,1898,47.38,60,0,No Failure
867,H10866,H,295.89,305.7,1475,54.33,183,0,No Failure
868,L10867,L,296.54,308,2061,44.34,125,0,No Failure
869,M10868,H,300.24,312.06,1991,54.12,168,0,No Failure
870,M10869,M,297.95,308.03,1394,27.1,200,0,No Failure
871,L10870,M,300.39,311.87,1531,46.25,141,0,No Failure
872,H10871,L,296.11,306.55,2025,59.72,118,0,No Failure
873,L10872,M,298.2,307.59,1444,29.81,101,0,No Failure
874,H10873,H,296.96,305.73,1532,30.25,134,0,No Failure
875,M10874,M,296.9,306.55,1543,53.68,37,0,No Failure
876,M10875,H,297.68,307.77,2001,56.54,197,0,No Failure
877,L10876,M,297.6,305.78,1237,31.16,228,1,Tool Wear Failure
878,L10877,M,297.14,305.73,1274,34.92,203,1,Tool Wear Failure
879,L10878,M,300.49,310.89,1778,48.43,205,1,Tool Wear Failure
880,L10879,H,299.39,308.29,1597,37.93,207,1,Tool Wear Failure
881,H10880,M,299.37,310.71,1833,48.08,44,0,No Failure
882,L10881,L,296.74,306.05,1466,42.34,249,1,Tool Wear Failure
883,H10882,M,298.47,306.89,2110,54.81,164,0,No Failure
884,L10883,L,299.68,308.01,1961,58.06,105,0,No Failure
885,H10884,L,299.77,311.52,1268,58.87,222,1,Overstrain Failure
886,H10885,L,297.07,305.54,1984,47.52,146,1,Overstrain Failure
887,L10886,M,299.63,308.19,2170,47.57,248,1,Tool Wear Failure
888,L10887,M,299.42,310.87,2142,40.23,188,1,Power Failure
889,M10888,H,295.85,304.87,1935,21.24,92,1,Tool Wear Failure
890,L10889,H,300.2,310.86,1324,33.46,186,0,No Failure
891,L10890,L,297.65,308.91,1776,22.87,183,0,No Failure
892,H10891,L,297.92,308.35,1484,39.7,78,0,No Failure
893,H10892,M,297.69,309.52,2170,58.23,221,1,Tool Wear Failure
894,L10893,L,298.41,309.24,1917,46.86,35,0,No Failure
895,H10894,H,298.73,307.18,1811,50.4,91,0,No Failure
896,M10895,L,297.99,308.22,1895,28.46,159,0,No Failure
897,H10896,L,300.2,311.07,1638,31.79,120,0,No Failure
898,H10897,M,298.77,309.97,1573,27.34,170,0,No Failure
899,M10898,L,297.41,305.51,2136,57.92,249,1,Tool Wear Failure
900,M10899,M,297.5,308.38,1532,32.61,19,0,No Failure
901,M10900,H,299.87,311.17,1241,45.3,190,0,No Failure
902,L10901,L,297.09,308.08,1601,26.35,204,1,Tool Wear Failure
903,H10902,H,296.27,306.32,1990,25.58,71,0,No Failure
904,M10903,M,295.36,305.19,1848,35.64,64,0,No Failure
905,L10904,H,300.26,310.45,2162,34.87,110,1,Power Failure
906,M10905,L,300.51,311.33,1306,34.8,98,0,No Failure
907,M10906,M,295.72,307.41,2112,47.04,127,0,No Failure
908,M10907,L,297.01,307.47,1569,34.22,53,0,No Failure
909,M10908,H,296.05,307.6,1674,54.59,123,1,Power Failure
910,L10909,M,295.7,306.5,1628,24.08,203,1,Tool Wear Failure
911,L10910,L,300.4,308.67,1316,34.62,221,1,Tool Wear Failure
912,M10911,H,295.34,305.34,1448,50.11,167,0,No Failure
913,M10912,H,300.88,310.03,1942,47.13,72,0,No Failure
914,M10913,M,295.58,304.72,1223,25.38,218,1,Tool Wear Failure
915,H10914,M,300.18,309.6,1334,39.78,105,0,No Failure
916,M10915,L,298.4,307.66,1225,33.91,58,0,No Failure
917,M10916,L,297.21,307.52,2057,48.43,34,0,No Failure
918,H10917,M,297.05,307.79,1817,25.84,240,1,Tool Wear Failure
919,H10918,M,299.54,308.62,1370,50.18,22,0,No Failure
920,M10919,M,296.89,305.41,1969,40.87,132,0,No Failure
921,H10920,L,298.94,307.18,2167,32.37,51,1,Power Failure
922,H10921,H,298.1,308.41,2135,53.63,217,1,Tool Wear Failure
923,H10922,M,297.91,306.65,2122,28.46,49,0,No Failure
924,L10923,M,300.41,308.44,1208,26.85,184,0,No Failure
925,H10924,M,298.33,310.04,1789,20.69,41,0,No Failure
926,L10925,H,299.96,310.11,1457,58.76,235,1,Tool Wear Failure
927,L10926,H,299.35,307.72,1765,42.16,166,0,No Failure
928,L10927,H,295.23,306.6,1518,43.25,104,0,No Failure
929,L10928,L,299.64,311.57,1354,25.16,241,1,Tool Wear Failure
930,L10929,L,296.3,306.1,1644,24.85,131,0,No Failure
931,H10930,H,300.42,308.59,1695,35.02,96,0,No Failure
932,H10931,H,295.26,303.73,2190,43.23,41,1,Power Failure
933,H10932,M,297,306.53,1242,51.54,180,0,No Failure
934,H10933,L,295.6,307.14,1501,42.47,149,0,No Failure
935,H10934,M,297.85,306.45,2052,57.42,56,0,No Failure
936,H10935,M,299.92,311.22,1860,36.98,62,0,No Failure
937,L10936,M,296.79,304.85,2027,21.26,55,0,No Failure
938,H10937,L,295.91,305.74,1860,39.18,124,0,No Failure
939,H10938,H,296.98,307.56,1960,23.83,12,0,No Failure
940,M10939,L,299.88,308.12,1693,34.49,72,1,Overstrain Failure
941,L10940,H,295.84,306.3,1405,64.33,184,1,Power Failure
942,M10941,M,296.36,308.14,2010,58.58,155,0,No Failure
943,M10942,L,295.41,304.05,1768,30.64,205,1,Tool Wear Failure
944,L10943,M,299.23,310.15,1340,36.92,186,0,No Failure
945,L10944,H,297.37,307.81,2005,39.4,5,0,No Failure
946,L10945,H,296.87,305.61,2159,54.37,142,1,Power Failure
947,L10946,M,299.31,307.34,1546,21.51,110,0,No Failure
948,M10947,M,297.02,305.05,1494,21.74,90,0,No Failure
949,M10948,M,299.37,309.49,1282,25.27,248,1,Tool Wear Failure
950,L10949,H,299.89,311.66,1864,48.27,164,0,No Failure
951,M10950,H,296.31,306.88,2159,38.65,63,1,Power Failure
952,H10951,H,300.84,311.7,1336,58.2,133,1,Overstrain Failure
953,L10952,M,295.97,305.95,1685,32.78,24,0,No Failure
954,H10953,H,296.75,307.07,1298,42.02,186,0,No Failure
955,H10954,L,296.08,304.58,1234,51.81,87,0,No Failure
956,H10955,L,297.07,308.58,1865,44.53,42,0,No Failure
957,H10956,M,297.88,308.92,2068,34.26,41,0,No Failure
958,H10957,L,298.13,310.13,1538,26.86,4,0,No Failure
959,L10958,H,300.12,309.31,2076,44.33,194,0,No Failure
960,H10959,L,300.34,309.24,1317,26.4,182,1,Power Failure
961,L10960,H,296.32,304.82,1438,62.27,121,1,Power Failure
962,M10961,M,298.74,310.59,2102,44.3,76,1,Power Failure
963,M10962,M,295.67,306.79,1709,27.87,98,0,No Failure
964,H10963,L,297.75,306.42,1808,52.43,221,1,Tool Wear Failure
965,M10964,M,296.93,307.14,1238,24.66,30,0,No Failure
966,L10965,M,296.9,306.55,1328,54.72,7,0,No Failure
967,L10966,L,297.9,306.5,1256,40.58,54,0,No Failure
968,H10967,L,299.38,308.03,2105,25.97,130,1,Power Failure
969,M10968,L,295.42,307.27,1335,21.67,2,0,No Failure
970,H10969,M,300.28,309.49,2050,64.7,26,1,Power Failure
971,M10970,H,299.41,311.17,1551,32.35,174,0,No Failure
972,H10971,H,296.06,304.36,2001,62.85,112,1,Power Failure
973,M10972,H,300.63,310.48,1565,42.58,237,1,Tool Wear Failure
974,L10973,M,298.04,306.56,1468,42.64,228,1,Tool Wear Failure
975,H10974,L,301,309.02,1294,24.1,69,0,No Failure
976,H10975,L,296.18,306.4,1481,62.78,94,0,No Failure
977,M10976,H,298.21,306.67,1671,52.98,230,1,Tool Wear Failure
978,H10977,M,296.74,307.63,2018,43.34,145,0,No Failure
979,M10978,L,296.83,307.62,1653,25.41,92,0,No Failure
980,H10979,M,298.55,307.25,2171,27.91,200,1,Tool Wear Failure
981,H10980,L,300.53,312.3,1742,39.45,231,1,Tool Wear Failure
982,H10981,H,299.83,310.72,1225,36.3,168,0,No Failure
983,M10982,M,299.34,308.54,1615,45.12,58,0,No Failure
984,L10983,H,298.36,309.19,1889,23.44,205,1,Tool Wear Failure
985,M10984,H,300.53,311.46,1434,21.82,105,0,No Failure
986,L10985,L,297.95,307.32,1899,43,175,0,No Failure
987,H10986,L,300.24,309.75,1704,21.28,122,0,No Failure
988,M10987,M,300,309.44,1226,22.68,235,1,Tool Wear Failure
989,M10988,H,296.28,306.75,1974,36.94,17,0,No Failure
990,M10989,L,299.63,311.23,1760,22.78,39,0,No Failure
991,L10990,L,295.07,303.77,1282,37.35,49,0,No Failure
992,L10991,L,296.94,308.44,1675,30.88,55,1,Overstrain Failure
993,H10992,H,296.38,304.49,1487,28.45,59,0,No Failure
994,H10993,M,298.04,308.68,2080,38.21,38,0,No Failure
995,M10994,L,299.42,309.08,1485,25.4,173,0,No Failure
996,L10995,L,295.59,306.75,2142,35.73,55,1,Power Failure
997,M10996,H,298.09,308.97,1746,39.57,59,0,No Failure
998,H10997,L,300.63,310.55,1524,57.35,49,0,No Failure
999,M10998,H,296.37,306.95,2014,61.98,100,1,Power Failure
1000,M10999,M,299.06,309.07,1897,33.88,240,1,Tool Wear Failure
